{
    "audit_metadata": {
        "date": "2025-12-08T00:31:00+05:30",
        "auditor": "Antigravity Automated Audit",
        "project": "orp5-platform",
        "scope": "Pre-release frontend verification (payment gateway excluded)"
    },
    "verdict": {
        "decision": "DO NOT SHIP",
        "confidence_score": 42,
        "justification": "Critical security vulnerability: admin panel publicly accessible without authentication. Registration success displays mock data. These blocking issues must be fixed before production."
    },
    "blocking_issues": [
        {
            "id": "BLOCK-001",
            "severity": "CRITICAL",
            "type": "Security",
            "title": "Admin dashboard publicly accessible without authentication",
            "file": "src/app/admin/layout.tsx",
            "route": "/admin/*",
            "description": "All admin routes publicly accessible. No middleware.ts or auth checks.",
            "reproduction_steps": "Visit /admin in incognito - admin dashboard loads without login",
            "suggested_fix": "Create middleware.ts to protect /admin routes using Supabase auth",
            "effort": "L"
        },
        {
            "id": "BLOCK-002",
            "severity": "HIGH",
            "type": "Data Integrity",
            "title": "Registration success shows mock user data",
            "file": "src/app/registration/success/RegistrationSuccessClient.tsx",
            "line": 21,
            "route": "/registration/success",
            "description": "Success page displays mockUser from CMS instead of actual registration",
            "suggested_fix": "Fetch actual registration by ID from Supabase",
            "effort": "M"
        }
    ],
    "high_risk_non_blocking": [
        {
            "id": "RISK-001",
            "severity": "MEDIUM",
            "type": "SEO",
            "title": "metadataBase not configured",
            "effort": "S"
        },
        {
            "id": "RISK-002",
            "severity": "MEDIUM",
            "type": "UI/UX",
            "title": "Hydration warning (Grammarly extension)",
            "effort": "S"
        },
        {
            "id": "RISK-003",
            "severity": "MEDIUM",
            "type": "Code Quality",
            "title": "50 lint warnings",
            "effort": "S"
        },
        {
            "id": "RISK-004",
            "severity": "LOW",
            "type": "Functional",
            "title": "QR Ticket placeholder",
            "effort": "M"
        },
        {
            "id": "RISK-005",
            "severity": "LOW",
            "type": "Functional",
            "title": "Download buttons non-functional",
            "effort": "L"
        }
    ],
    "area_scores": {
        "functional_correctness": {
            "score": 78,
            "notes": "Routing works, forms submit, mock data on success page"
        },
        "api_integrations": {
            "score": 85,
            "notes": "23 endpoints verified, Supabase integration working"
        },
        "admin_flows": {
            "score": 20,
            "notes": "UI functional but CRITICALLY unprotected"
        },
        "authentication_authorization": {
            "score": 0,
            "notes": "No auth implemented"
        },
        "media_uploads": {
            "score": 80,
            "notes": "Supabase Storage integration working"
        },
        "animations_interactions": {
            "score": 85,
            "notes": "Framer Motion used, smooth transitions"
        },
        "performance": {
            "score": 75,
            "notes": "Build succeeds, Lighthouse not run"
        },
        "accessibility": {
            "score": 70,
            "notes": "Basic semantics, no axe scan"
        },
        "seo_metadata": {
            "score": 65,
            "notes": "metadataBase warning, no JSON-LD"
        },
        "security": {
            "score": 15,
            "notes": "Admin unprotected, no CSP"
        },
        "internationalization": {
            "score": 60,
            "notes": "English only, acceptable"
        },
        "tests_ci_readiness": {
            "score": 55,
            "notes": "4 Playwright tests pass, no CI"
        }
    }
}